{"ARC/pass@1": [[77622.0, 0.13], [155243.0, 0.25125], [232865.0, 0.31125], [310487.0, 0.32625], [388109.0, 0.33125]], "ARC/pass@10": [[77622.0, 0.19], [155243.0, 0.36125], [232865.0, 0.4275], [310487.0, 0.4325], [388109.0, 0.43625]], "ARC/pass@1000": [[77622.0, 0.24], [155243.0, 0.45625], [232865.0, 0.54625], [310487.0, 0.56], [388109.0, 0.5825]], "ARC/pass@2": [[77622.0, 0.15], [155243.0, 0.2875], [232865.0, 0.35875], [310487.0, 0.36375], [388109.0, 0.36875]], "ARC/pass@5": [[77622.0, 0.18375], [155243.0, 0.33875], [232865.0, 0.39], [310487.0, 0.40375], [388109.0, 0.4]], "ARC/pass@100": [[77622.0, 0.22125], [155243.0, 0.42125], [232865.0, 0.5025], [310487.0, 0.505], [388109.0, 0.5325]]}