{"all/accuracy": [[77622.0, 0.7559779286384583], [155243.0, 0.8221895694732666], [232865.0, 0.8404878973960876], [310487.0, 0.8468277454376221], [388109.0, 0.8493054509162903]], "all/exact_accuracy": [[77622.0, 0.03253372758626938], [155243.0, 0.1255834996700287], [232865.0, 0.1879138946533203], [310487.0, 0.20698262751102448], [388109.0, 0.20941124856472015]], "all/lm_loss": [[77622.0, 1.3674758672714233], [155243.0, 0.9426223635673523], [232865.0, 0.8882408738136292], [310487.0, 0.9033871293067932], [388109.0, 0.8234341740608215]], "all/q_halt_accuracy": [[77622.0, 0.7434754967689514], [155243.0, 0.6875289678573608], [232865.0, 0.6488524079322815], [310487.0, 0.6579889059066772], [388109.0, 0.7084846496582031]], "all/q_halt_loss": [[77622.0, 0.6547914743423462], [155243.0, 0.853668212890625], [232865.0, 1.0933340787887573], [310487.0, 1.210493564605713], [388109.0, 0.7703386545181274]]}